100000,To Engineer is human,Herny Petroski
100001,Fluid Mechanics,Frank White 
100002,Mechanics of Materials,E. Russell Johnston
100003,The Way Things Work,David Macaulay
100004, Theory of Machinesm, J.K. Gupta
235779,Abdkr;lhn,fwrjkbgfb
235778, andgjrkhfv, ehiofgberjff
235778, andgjrkhfv, ehiofgberjff
235778, andgjrkhfv, ehiofgberjff
235778, andgjrkhfv, ehiofgberjff
235778, andgjrkhfv, ehiofgberjff
235778, andgjrkhfv, ehiofgberjff
235778, andgjrkhfv, ehiofgberjff
235778, andgjrkhfv, ehiofgberjff
235778, andgjrkhfv, ehiofgberjff
235778, andgjrkhfv, ehiofgberjff
235778, andgjrkhfv, ehiofgberjff
